DROP  DATABASE IF EXISTS departament;
CREATE DATABASE IF NOT EXISTS departament;
USE `departament` ;

CREATE TABLE IF NOT EXISTS `departament`.`angajati` (
  `idAngajat` INT NOT NULL AUTO_INCREMENT,
  `nume` VARCHAR(45) NOT NULL,
  `prenume` VARCHAR(45) NOT NULL,
  `email` VARCHAR(45) NOT NULL UNIQUE,
  `cnp` VARCHAR(45) NOT NULL UNIQUE,
  `data_angajare` DATE NOT NULL,
  `salariu` INT(11) NULL ,
  `tip_angajat` ENUM("Administrator","Director piloti","Director stewarzi",
  "Director servicii","Pilot","Steward","Serviciul planificari",
  "Serviciul gestiune si analiza operatiuni zboruri","Serviciul suport tehnic zboruri") ,
  `calificari` VARCHAR(45)  NULL,
  `username` VARCHAR(45) NOT NULL UNIQUE,
  `parola` VARCHAR(45) NOT NULL,
  PRIMARY KEY (`idAngajat`));
DESCRIBE angajati;
SELECT *FROM angajati;

CREATE TABLE IF NOT EXISTS `departament`.`avioane` (
  `idAvion` INT(11) NOT NULL AUTO_INCREMENT,
  `model` VARCHAR(45)  NULL,
  `marca` VARCHAR(45)  NULL,
  `nume` VARCHAR(45)  NULL,
  `data_fabricatie` DATE NULL,
  PRIMARY KEY (`idAvion`));
DESCRIBE avioane;
SELECT *FROM avioane;

CREATE TABLE IF NOT EXISTS `departament`.`documente` (
  `idDocument` INT(11) NOT NULL AUTO_INCREMENT,
  `idAngajat` INT(11) NOT NULL,
  `cale` VARCHAR(45) NOT NULL,
  `nume` VARCHAR(45) NOT NULL,
  PRIMARY KEY (`idDocument`),
  CONSTRAINT `fk_ang_doc`
    FOREIGN KEY (`idAngajat`)
    REFERENCES `departament`.`angajati` (`idAngajat`)
    ON DELETE NO ACTION
    ON UPDATE NO ACTION);
DESCRIBE documente;
SELECT *FROM documente;

CREATE TABLE IF NOT EXISTS `departament`.`rute` (
  `idRuta` INT(11) NOT NULL AUTO_INCREMENT,
  `aeroport_plecare` VARCHAR(45)  NULL,
  `aeroport_sosire` VARCHAR(45)  NULL,
  PRIMARY KEY (`idRuta`));
DESCRIBE rute;
SELECT *FROM rute;

CREATE TABLE IF NOT EXISTS `departament`.`zboruri` (
  `idZbor` INT(11) NOT NULL AUTO_INCREMENT,
  `idRuta` INT(11)  NULL,
  `idAvion` INT(11)  NULL,
  `nrZbor` VARCHAR(45) NOT NULL UNIQUE,
  `data_ora_plecare` DATETIME NOT NULL,
  `data_ora_sosire` DATETIME NOT NULL,
  `Observatii` VARCHAR(45)  NULL,
  `stareZbor` VARCHAR(45) NOT NULL,
  PRIMARY KEY (`idZbor`),
  CONSTRAINT `avion_fk`
    FOREIGN KEY (`idAvion`)
    REFERENCES `departament`.`avioane` (`idAvion`)
    ON DELETE SET NULL
    ON UPDATE NO ACTION,
  CONSTRAINT `ruta_fk`
    FOREIGN KEY (`idRuta`)
    REFERENCES `departament`.`rute` (`idRuta`)
    ON DELETE SET NULL
    ON UPDATE NO ACTION);
DESCRIBE zboruri;
SELECT *FROM zboruri;

CREATE TABLE IF NOT EXISTS `departament`.`programe` (
  `idProgram` INT(11) NOT NULL AUTO_INCREMENT,
  `tip_activitate` ENUM("DUTY","ZBOR"),
  `idZbor` INT(11) NULL,
  `idAngajat` INT(11) NOT NULL,
  `date` DATE NOT NULL,
  PRIMARY KEY (`idProgram`),
  CONSTRAINT `fk_ang`
    FOREIGN KEY (`idAngajat`)
    REFERENCES `departament`.`angajati` (`idAngajat`)
    ON DELETE CASCADE
    ON UPDATE NO ACTION,
  CONSTRAINT `fk_zbor`
    FOREIGN KEY (`idZbor`)
    REFERENCES `departament`.`zboruri` (`idZbor`)
    ON DELETE NO ACTION
    ON UPDATE NO ACTION);
DESCRIBE programe;
SELECT *FROM programe;

INSERT INTO `angajati` (`idAngajat`, `nume`, `prenume`, `email`, `cnp`, `data_angajare`, `salariu`, `tip_angajat`, `calificari`, `username`, `parola`) VALUES
(1, 'Maiovschi', 'Ioana', 'maiovschi.ioana@yahoo.com', '2960118460088', '2020-05-03', 123, 'Administrator', NULL, '1', '46d06a9a3b43b40037e773ab50077452'),
(2, 'Babos', 'Andrei', 'babos@gmail.com', '1920214302563', '2015-05-05', 1200, 'Pilot', '747-200', '2', '5bc620181dc1fa1c3def4829eb6e576d'),
(3, 'Popescu', 'Marcel', 'popescu@gmail.com', '1880518215602', '2020-05-07', 324, 'Pilot', '787-9', 'popescu@gmail.com', '543cce4e8f8ee83866b83960f8958dfa'),
(4, 'Olaru', 'Sabin', 'olaru@gmail.com', '1901225230056', '2020-05-14', 312, 'Steward', NULL, '3', '800652463581b9a81f90c30b8365de35'),
(5, 'Topana', 'Andrei', 'topana@gmail.com', '1880516208777', '2020-05-06', 5423, 'Director piloti', NULL, '4', '49f390724d58c00c3aa6f811254fadae'),
(6, 'Boscornea', 'Bianca', 'bianca@gmail.com', '2951210230054', '2020-05-05', 6000, 'Director stewarzi', NULL, '5', '0615f2873aaa307f83094c78e6ab92cd'),
(7, 'Stoenescu', 'Maria', 'maria@gmail.com', '2700215250125', '2020-05-07', 432, 'Serviciul gestiune si analiza operatiuni zboruri', NULL, '6', '9ebc5048b9c29068e3a3039ef876f7b7'),
(8, 'Girla', 'Ionut', 'ionut@gmail.com', '1901212410569', '2020-05-18', 341, 'Serviciul suport tehnic zboruri', NULL, '7', '1f9d64fe5d7c01df11ed119de25db167'),
(9, 'Titi', 'Adrian', 'titi@gmail.com', '1850516103696', '2020-05-16', 432, 'Director servicii', NULL, '8', 'aa2a4e9c39c56f1c055e7a19189c237b'),
(10, 'Stoian', 'Diana', 'diana@gmail.com', '2760613062536', '2020-05-01', 2560, 'Serviciul planificari', NULL, '9', 'd803d2c447d8f21d6ce75c4b58839d14'),
(11, 'Iacob', 'Sorin', 'sorin@gmai.com', '1851012410256', '2019-09-11', 1200, 'Pilot', '747-200', 'sorin@gmai.com', '134e8b7a7b125cc8c8b44458961fa8d4'),
(12, 'Istrare', 'Mirel', 'mirel@gmail.com', '1850405120058', '2010-02-20', 1200, 'Pilot', '747-200', 'mirel@gmail.com', '416a6b72f99bbb985ea9bb955c7f1fd5'),
(13, 'Iordache', 'Viorel', 'viorel@gmail.com', '1950202145025', '2016-12-20', 1200, 'Pilot', '787-9', 'viorel@gmail.com', '11048c45587d2d82154f678227c1ed2c'),
(14, 'Stoenescu', 'Andrei', 'stoenescu.andrei@yahoo.com', '1750216205636', '2000-12-12', 3200, 'Pilot', '787-9', 'stoenescu.andrei@yahoo.com', '0a8d2f4194e9f2336dc5d71bd3ff23b7'),
(15, 'Talbot', 'Ralph', 'ralph@gmail.com', '1860630365236', '2010-12-20', 3562, 'Pilot', 'A320', 'ralph@gmail.com', '60399ebfa71f7b4db20dbc6b5920f08f'),
(16, 'Derrick', 'Khalid', 'khalid@gmail.com', '1740612563652', '2014-02-20', 3652, 'Pilot', 'A320', 'khalid@gmail.com', 'b23ff993b4c6d7082fae0961262bdc99'),
(17, 'Georgescu', 'Alexandru', 'georgescu@gmail.com', '1750516859636', '2010-02-02', 3698, 'Pilot', 'A320', 'georgescu@gmail.com', '03605e9f2ec80b14b6f1d3ee68218a17'),
(18, 'Topana', 'Cristian', 'cristian@gmail.com', '1890916320256', '2015-05-18', 3250, 'Pilot', 'A310', 'cristian@gmail.com', 'e6ac93fdaa10bff83f2f6cbc367cad7e'),
(19, 'Ionescu', 'Ionut', 'ionescuionut@gmail.com', '1800910563652', '2016-05-06', 2568, 'Pilot', 'A310', 'ionescuionut@gmail.com', '3584596ea089d658961f2db55b13c15d'),
(20, 'Irimescu', 'Andrei', 'irimescu.andrei@gmail.com', '1790620356289', '2015-05-06', 2587, 'Pilot', 'A310', 'irimescu.andrei@gmail.com', 'ce5093171c2aad4fb5d569973a8251e0'),
(21, 'Branza', 'Florentin', 'florentin@gmail.com', '1801120563202', '2005-02-12', 1569, 'Pilot', '72', 'florentin@gmail.com', '5b0271fe8398597a387b3ff435d1126d'),
(22, 'Chiriac', 'Irina', 'chiriac.irina@gmail.com', '2910215364120', '2010-06-02', 2500, 'Steward', NULL, 'chiriac.irina@gmail.com', '44bdf91b6d0fe6f048cd95df84401285'),
(23, 'Miercure', 'Catalin', 'miercure.catalin@gmail.com', '1851012854621', '2011-04-08', 2560, 'Steward', NULL, 'miercure.catalin@gmail.com', '716fd4065fba96fe831fae82be77e381'),
(24, 'Georgescu', 'Mariana', 'georgescu.mariana@gmail.com', '2861111201489', '2005-06-03', 2560, 'Steward', NULL, 'georgescu.mariana@gmail.com', 'fee74413b3ba325c2938324017f00952'),
(25, 'Voicu', 'Stefan', 'voicu.stefan@gmail.com', '1790116325684', '2010-02-14', 1586, 'Pilot', '72', 'voicu.stefan@gmail.com', '6725ba74126c7138d1ef5019f5246ff6'),
(26, 'Voiculescu', 'Daniel', 'voiculescudaniel@gmail.com', '1720915685932', '2015-06-05', 1985, 'Pilot', '72', 'voiculescudaniel@gmail.com', 'eee13a2c939bcbae8406b299713ea816'),
(27, 'Olarescu', 'Razvan', 'olarescu.razvan@gmail.com', '1760914218605', '2010-09-18', 1285, 'Pilot', '42', 'olarescu.razvan@gmail.com', '9d4b4e727f7a97b3562e87fd5de16d31'),
(28, 'Radoi', 'Andrei', 'radoi.andrei@gmail.com', '1760516298547', '2014-02-09', 1985, 'Pilot', '42', 'radoi.andrei@gmail.com', '3229d3cfed988c31eaf38645def6aaf2'),
(29, 'Nedelcu', 'Horia', 'nedelcuhoria@gmail.com', '1870516542011', '2016-06-08', 7500, 'Pilot', '42', 'nedelcuhoria@gmail.com', 'c9199a9ab81f34bd92bc29a3a306b0b2'),
(30, 'Grigore', 'Miruna', 'grigore.miruna@gmail.com', '2801014206854', '2016-02-05', 1582, 'Steward', NULL, 'grigore.miruna@gmail.com', '7215d55c66e0cabb28a3f6751359588d'),
(31, 'Enache', 'Mihai', 'enache.mihai@yahoo.com', '1850614205689', '2014-02-09', 1985, 'Steward', NULL, 'enache.mihai@yahoo.com', '094bb0d339b02d254e94c8c378090a1c'),
(32, 'Mirea', 'Daniela', 'mirea.daniela@gmail.com', '1750218460056', '2014-05-09', 1588, 'Steward', NULL, 'mirea.daniela@gmail.com', '48f5d6b89ebb377c44a0b71e79ca87df'),
(33, 'Cozma', 'Mirela', 'cozma.mirela@gmail.com', '2750816250458', '2015-10-14', 1958, 'Steward', NULL, 'cozma.mirela@gmail.com', '13514528f11963ad8f418041875f36e7'),
(34, 'Ilincai', 'Theodora', 'ilincai.theo@gmail.com', '2850316251025', '2011-02-15', 1985, 'Steward', NULL, 'ilincai.theo@gmail.com', 'dfd04cd355fd94bae701b85146c2f1d1'),
(35, 'Avram', 'Ioana', 'avram.ioana@gmail.com', '290041525636', '2010-02-20', 1480, 'Steward', NULL, 'avram.ioana@gmail.com', '576da7fb298b7ff285f89ce0c768acc2');

INSERT INTO `documente` (`idDocument`, `idAngajat`, `cale`, `nume`) VALUES
(1, 2, '/documente/Cerere concediu.txt', 'Cerere concediu.txt'),
(2, 2, '/documente/Licenta zbor.txt', 'Licenta zbor.txt'),
(3, 4, '/documente/Licenta steward.txt', 'Licenta steward.txt'),
(4, 4, '/documente/Cerere concediu.txt', 'Cerere concediu.txt'),
(5, 6, '/documente/Tabel zile libere.txt', 'Tabel zile libere.txt'),
(6, 7, '/documente/Diploma bac.txt', 'Diploma bac.txt'),
(7, 7, '/documente/CV.txt', 'CV.txt'),
(8, 8, '/documente/CV.txt', 'CV.txt'),
(9, 8, '/documente/Cerere concediu.txt', 'Cerere concediu.txt');

INSERT INTO `avioane` (`idAvion`, `model`, `marca`, `nume`, `data_fabricatie`) VALUES
(1, '747-200', 'Boeing', 'Suceava', '2014-10-10'),
(2, '787-9', 'Boeing', 'Sibiu', '2010-06-10'),
(3, 'A320', 'Airbus', 'Siret', '2015-05-04'),
(4, 'A310', 'Airbus', 'Ialomita', '2016-12-20'),
(5, '747-200', 'Boeing', 'Olt', '2014-05-12'),
(6, '72', 'ATR', 'Dambovita', '2018-05-03'),
(7, '42', 'ATR', 'Tisa', '2015-02-20'),
(8, '787-9', 'Boeing', 'Mures', '2012-12-12'),
(9, 'A320', 'Airbus', 'Prut', '2018-10-12'),
(10, 'A310', 'Airbus', 'Somes', '2017-05-06'),
(11, '72', 'ATR', 'Jiu', '2019-04-16'),
(12, '42', 'ATR', 'Timis', '2009-02-15');


INSERT INTO `rute` (`idRuta`, `aeroport_plecare`, `aeroport_sosire`) VALUES
(1, 'Bucuresti', 'Atena'),
(2, 'Atena', 'Bucuresti'),
(3, 'Bucuresti', 'Londra'),
(4, 'Londra', 'Bucuresti'),
(5, 'Bucuresti', 'Cluj-Napoca'),
(6, 'Cluj-Napoca', 'Bucuresti'),
(7, 'Bucuresti', 'Paris'),
(8, 'Paris', 'Bucuresti'),
(9, 'Bucuresti', 'Iasi'),
(10, 'Iasi', 'Bucuresti'),
(12, 'Bucuresti', 'Timisoara'),
(13, 'Timisoara', 'Bucuresti'),
(14, 'Bucuresti', 'Varsovia'),
(15, 'Varsovia', 'Bucuresti');

INSERT INTO `zboruri` (`idZbor`, `idRuta`, `idAvion`, `nrZbor`, `data_ora_plecare`, `data_ora_sosire`, `Observatii`, `stareZbor`) VALUES
(1, 1, 1, 'R100', '2020-06-01 06:00:00', '2020-06-01 07:30:00', NULL, 'ACTIV'),
(2, 2, 1, 'R100R', '2020-06-01 08:30:00', '2020-06-01 10:00:00', NULL, 'ACTIV'),
(3, 14, 2, 'RO120', '2020-06-01 12:00:00', '2020-06-01 14:30:00', NULL, 'ACTIV'),
(4, 15, 2, 'RO120R', '2020-06-01 15:30:00', '2020-06-01 18:00:00', NULL, 'ACTIV'),
(5, 9, 7, 'RO312', '2020-06-01 10:00:00', '2020-06-01 11:00:00', NULL, 'ACTIV'),
(6, 10, 7, 'RO312R', '2020-06-01 12:00:00', '2020-06-01 13:00:00', NULL, 'ACTIV'),
(7, 3, 3, 'RO432', '2020-06-02 14:00:00', '2020-06-02 17:00:00', NULL, 'ACTIV'),
(8, 4, 3, 'RO432R', '2020-06-02 18:30:00', '2020-06-02 21:30:00', NULL, 'ACTIV'),
(9, 5, 11, 'RO545', '2020-06-02 08:30:00', '2020-06-02 09:30:00', NULL, 'ACTIV'),
(10, 6, 11, 'RO545R', '2020-06-02 10:30:00', '2020-06-02 11:30:00', NULL, 'ACTIV'),
(11, 1, 8, 'RO658', '2020-06-02 20:00:00', '2020-06-02 21:30:00', NULL, 'ACTIV'),
(12, 2, 8, 'RO658R', '2020-06-02 22:30:00', '2020-06-03 00:00:00', NULL, 'ACTIV'),
(13, 9, 5, 'RO895', '2020-06-03 05:45:00', '2020-06-03 06:45:00', NULL, 'ACTIV'),
(14, 10, 5, 'RO895R', '2020-06-03 08:00:00', '2020-06-03 09:00:00', NULL, 'ACTIV'),
(15, 7, 4, 'RO123', '2020-06-04 12:30:00', '2020-06-04 15:00:00', NULL, 'ACTIV'),
(16, 8, 4, 'RO123R', '2020-06-04 16:00:00', '2020-06-04 18:30:00', NULL, 'ACTIV'),
(17, 1, 6, 'RO543', '2020-06-04 19:00:00', '2020-06-04 20:30:00', NULL, 'ACTIV'),
(18, 2, 6, 'RO543R', '2020-06-04 21:30:00', '2020-06-04 23:00:00', NULL, 'ACTIV'),
(19, 5, 10, 'RO122', '2020-06-05 06:00:00', '2020-06-05 07:00:00', NULL, 'ACTIV'),
(20, 6, 10, 'RO122R', '2020-06-05 08:00:00', '2020-06-05 09:00:00', NULL, 'ACTIV'),
(22, 9, 11, 'RO124', '2020-06-05 09:00:00', '2020-06-05 10:00:00', NULL, 'ACTIV'),
(23, 10, 11, 'RO124R', '2020-06-05 11:00:00', '2020-06-05 12:00:00', NULL, 'ACTIV'),
(24, 3, 3, 'RO3213', '2020-06-06 10:00:00', '2020-06-06 13:00:00', NULL, 'ACTIV'),
(25, 4, 3, 'RO3213R', '2020-06-06 14:00:00', '2020-06-06 17:00:00', NULL, 'ACTIV'),
(26, 14, 5, 'RO090', '2020-06-06 15:00:00', '2020-06-06 17:30:00', NULL, 'ACTIV'),
(27, 15, 5, 'RO090R', '2020-06-06 18:30:00', '2020-06-06 21:00:00', NULL, 'ACTIV'),
(29, 5, 2, 'RO4321', '2020-06-07 12:00:00', '2020-06-07 12:45:00', NULL, 'ACTIV'),
(30, 6, 2, 'RO4321R', '2020-06-07 14:00:00', '2020-06-07 14:45:00', NULL, 'ACTIV'),
(31, 9, 6, 'RO987', '2020-06-08 12:00:00', '2020-06-08 13:00:00', NULL, 'ACTIV'),
(32, 10, 6, 'RO987R', '2020-06-08 14:00:00', '2020-06-08 15:00:00', NULL, 'ACTIV'),
(33, 1, 4, 'RO400', '2020-06-09 10:00:00', '2020-06-09 11:30:00', NULL, 'ACTIV'),
(34, 2, 4, 'RO400R', '2020-06-09 13:00:00', '2020-06-09 14:30:00', NULL, 'ACTIV'),
(36, 1, 4, 'RO977', '2020-06-10 05:30:00', '2020-06-10 07:00:00', NULL, 'ACTIV'),
(37, 2, 4, 'RO977R', '2020-06-10 08:00:00', '2020-06-10 09:30:00', NULL, 'ACTIV'),
(38, 5, 7, 'RO787', '2020-06-10 11:00:00', '2020-06-10 12:00:00', 'Pista 1 in revizie', 'ACTIV'),
(39, 6, 7, 'RO787R', '2020-06-10 13:00:00', '2020-06-10 14:00:00', 'Pista 1 in revizie', 'ACTIV'),
(40, 9, 3, 'RO568', '2020-06-10 22:00:00', '2020-06-10 22:45:00', NULL, 'ACTIV'),
(41, 10, 3, 'RO568R', '2020-06-10 23:45:00', '2020-06-10 00:30:00', NULL, 'ACTIV'),
(42, 3, 5, 'RO145', '2020-06-11 11:00:00', '2020-06-11 14:00:00', NULL, 'ACTIV'),
(43, 4, 5, 'RO145R', '2020-06-11 15:30:00', '2020-06-11 18:30:00', NULL, 'ACTIV'),
(44, 7, 2, 'RO196', '2020-06-11 11:00:00', '2020-06-11 13:45:00', NULL, 'ACTIV'),
(45, 8, 2, 'RO196R', '2020-06-11 15:00:00', '2020-06-11 17:45:00', NULL, 'ACTIV'),
(46, 10, 1, 'RO305', '2020-06-12 12:00:00', '2020-06-12 13:00:00', NULL, 'ACTIV'),
(47, 9, 1, 'RO305R', '2020-06-12 14:30:00', '2020-06-12 15:30:00', NULL, 'ACTIV'),
(48, 12, 12, 'RO452', '2020-06-13 06:15:00', '2020-06-13 07:00:00', NULL, 'ACTIV'),
(49, 13, 12, 'RO452R', '2020-06-13 08:00:00', '2020-06-13 08:45:00', NULL, 'ACTIV'),
(50, 3, 4, 'RO163', '2020-06-14 10:15:00', '2020-06-14 13:45:00', NULL, 'ACTIV'),
(51, 4, 4, 'RO163R', '2020-06-14 14:45:00', '2020-06-14 18:15:00', NULL, 'ACTIV'),
(52, 14, 5, 'RO065', '2020-06-15 15:40:00', '2020-06-15 18:15:00', NULL, 'ACTIV'),
(53, 15, 5, 'RO065R', '2020-06-15 19:30:00', '2020-06-15 23:00:00', NULL, 'ACTIV'),
(54, 7, 5, 'RO624', '2020-06-16 01:00:00', '2020-06-16 03:45:00', NULL, 'ACTIV'),
(55, 8, 5, 'RO624R', '2020-06-16 16:00:00', '2020-06-16 19:45:00', NULL, 'ACTIV'),
(56, 9, 11, 'RO741', '2020-06-17 12:00:00', '2020-06-17 12:45:00', NULL, 'ACTIV'),
(57, 10, 11, 'RO741R', '2020-06-17 14:00:00', '2020-06-17 14:45:00', NULL, 'ACTIV'),
(58, 14, 3, 'RO169', '2020-06-17 10:00:00', '2020-06-17 12:45:00', NULL, 'ACTIV'),
(59, 15, 3, 'RO169R', '2020-06-17 14:00:00', '2020-06-17 16:45:00', NULL, 'ACTIV'),
(61, 7, 10, 'RO402', '2020-06-17 13:45:00', '2020-06-17 16:45:00', NULL, 'ACTIV'),
(62, 8, 10, 'RO402R', '2020-06-17 18:00:00', '2020-06-17 21:00:00', NULL, 'ACTIV'),
(63, 5, 12, 'RO754', '2020-06-18 14:00:00', '2020-06-18 15:00:00', NULL, 'ACTIV'),
(64, 6, 12, 'RO754R', '2020-06-18 16:00:00', '2020-06-18 17:00:00', NULL, 'ACTIV'),
(65, 1, 10, 'RO296', '2020-06-19 18:00:00', '2020-06-19 19:30:00', NULL, 'ACTIV'),
(66, 2, 10, 'RO296R', '2020-06-19 21:20:00', '2020-06-19 22:50:00', NULL, 'ACTIV'),
(67, 5, 3, 'RO365', '2020-06-20 18:20:00', '2020-06-20 19:20:00', NULL, 'ACTIV'),
(68, 6, 3, 'RO365R', '2020-06-20 21:00:00', '2020-06-20 22:00:00', NULL, 'ACTIV'),
(69, 7, 5, 'RO473', '2020-06-21 15:00:00', '2020-06-21 18:00:00', NULL, 'ACTIV'),
(70, 8, 5, 'RO473R', '2020-06-21 19:00:00', '2020-06-21 22:00:00', NULL, 'ACTIV'),
(71, 12, 11, 'RO261', '2020-06-22 12:00:00', '2020-06-22 13:00:00', NULL, 'ACTIV'),
(72, 13, 11, 'RO261R', '2020-06-22 14:00:00', '2020-06-20 15:00:00', NULL, 'ACTIV'),
(73, 1, 7, 'RO236', '2020-06-22 07:00:00', '2020-06-22 08:30:00', NULL, 'ACTIV'),
(74, 2, 7, 'RO236R', '2020-06-22 09:30:00', '2020-06-22 11:00:00', NULL, 'ACTIV'),
(75, 5, 4, 'RO612', '2020-06-22 12:45:00', '2020-06-22 15:30:00', NULL, 'ACTIV'),
(76, 6, 4, 'RO612R', '2020-06-22 16:30:00', '2020-06-22 19:30:00', NULL, 'ACTIV'),
(77, 6, 11, 'RO252', '2020-06-23 21:00:00', '2020-06-23 21:45:00', NULL, 'ACTIV'),
(78, 5, 11, 'RO252R', '2020-06-23 22:45:00', '2020-06-23 23:30:00', NULL, 'ACTIV'),
(80, 12, 7, 'RO364', '2020-06-24 12:45:00', '2020-06-24 13:45:00', NULL, 'ACTIV'),
(81, 13, 7, 'RO364R', '2020-06-24 15:45:00', '2020-06-24 16:45:00', NULL, 'ACTIV'),
(82, 3, 1, 'RO642', '2020-06-25 12:40:00', '2020-06-25 15:40:00', NULL, 'ACTIV'),
(83, 4, 1, 'RO642R', '2020-06-25 17:30:00', '2020-06-25 20:30:00', NULL, 'ACTIV'),
(84, 7, 2, 'RO039', '2020-06-27 12:00:00', '2020-06-27 14:50:00', NULL, 'ACTIV'),
(85, 8, 2, 'RO039R', '2020-06-27 16:00:00', '2020-06-27 19:00:00', NULL, 'ACTIV'),
(86, 5, 11, 'RO856', '2020-06-28 06:00:00', '2020-06-28 06:45:00', NULL, 'ACTIV'),
(87, 6, 11, 'RO856R', '2020-06-28 08:00:00', '2020-06-28 08:45:00', NULL, 'ACTIV'),
(88, 10, 7, 'RO198', '2020-06-29 21:00:00', '2020-06-29 21:45:00', NULL, 'ACTIV'),
(89, 9, 7, 'RO198R', '2020-06-29 22:45:00', '2020-06-29 23:30:00', NULL, 'ACTIV'),
(90, 14, 1, 'RO560', '2020-06-30 12:00:00', '2020-06-30 14:45:00', NULL, 'ACTIV'),
(91, 15, 1, 'RO560R', '2020-06-30 16:00:00', '2020-06-30 18:45:00', NULL, 'ACTIV'),
(92, 3, 4, 'RO241', '2020-06-30 12:00:00', '2020-06-30 14:45:00', NULL, 'ACTIV'),
(93, 4, 4, 'RO241R', '2020-06-30 16:00:00', '2020-06-30 18:45:00', NULL, 'ACTIV'),
(94, 12, 12, 'RO125', '2020-06-30 04:00:00', '2020-06-30 05:00:00', NULL, 'ACTIV'),
(95, 13, 12, 'RO125R', '2020-06-30 07:00:00', '2020-06-30 08:00:00', NULL, 'ACTIV');

INSERT INTO `programe` (`idProgram`, `tip_activitate`, `idZbor`, `idAngajat`, `date`) VALUES
(1, 'ZBOR', 1, 2, '2020-06-01'),
(2, 'ZBOR', 3, 3, '2020-06-01'),
(3, 'ZBOR', 1, 11, '2020-06-01'),
(4, 'DUTY', NULL, 12, '2020-06-01'),
(5, 'ZBOR', 3, 13, '2020-06-01'),
(6, 'DUTY', NULL, 14, '2020-06-01'),
(7, 'DUTY', NULL, 15, '2020-06-01'),
(8, 'DUTY', NULL, 16, '2020-06-01'),
(9, 'DUTY', NULL, 17, '2020-06-01'),
(10, 'DUTY', NULL, 18, '2020-06-01'),
(11, 'DUTY', NULL, 19, '2020-06-01'),
(12, 'DUTY', NULL, 20, '2020-06-01'),
(15, 'DUTY', NULL, 26, '2020-06-01'),
(16, 'ZBOR', 5, 27, '2020-06-01'),
(17, 'ZBOR', 5, 28, '2020-06-01'),
(18, 'DUTY', NULL, 29, '2020-06-01'),
(19, 'ZBOR', 90, 2, '2020-06-30'),
(20, 'DUTY', NULL, 3, '2020-06-30'),
(21, 'ZBOR', 90, 11, '2020-06-30'),
(22, 'DUTY', NULL, 12, '2020-06-30'),
(23, 'DUTY', NULL, 13, '2020-06-30'),
(24, 'DUTY', NULL, 14, '2020-06-30'),
(25, 'DUTY', NULL, 15, '2020-06-30'),
(26, 'DUTY', NULL, 16, '2020-06-30'),
(27, 'DUTY', NULL, 17, '2020-06-30'),
(28, 'ZBOR', 92, 18, '2020-06-30'),
(29, 'ZBOR', 92, 19, '2020-06-30'),
(30, 'DUTY', NULL, 20, '2020-06-30'),
(31, 'DUTY', NULL, 21, '2020-06-30'),
(32, 'DUTY', NULL, 25, '2020-06-30'),
(33, 'DUTY', NULL, 26, '2020-06-30'),
(34, 'ZBOR', 94, 27, '2020-06-30'),
(35, 'ZBOR', 94, 28, '2020-06-30'),
(36, 'DUTY', NULL, 29, '2020-06-30'),
(37, 'DUTY', NULL, 2, '2020-06-02'),
(38, 'ZBOR', 11, 3, '2020-06-02'),
(39, 'DUTY', NULL, 11, '2020-06-02'),
(40, 'DUTY', NULL, 12, '2020-06-02'),
(41, 'ZBOR', 11, 13, '2020-06-02'),
(42, 'DUTY', NULL, 14, '2020-06-02'),
(43, 'ZBOR', 7, 15, '2020-06-02'),
(44, 'ZBOR', 7, 16, '2020-06-02'),
(45, 'DUTY', NULL, 17, '2020-06-02'),
(46, 'DUTY', NULL, 18, '2020-06-02'),
(47, 'DUTY', NULL, 19, '2020-06-02'),
(48, 'DUTY', NULL, 20, '2020-06-02'),
(49, 'ZBOR', 9, 21, '2020-06-02'),
(50, 'ZBOR', 9, 25, '2020-06-02'),
(51, 'DUTY', NULL, 26, '2020-06-02'),
(52, 'DUTY', NULL, 27, '2020-06-02'),
(53, 'DUTY', NULL, 28, '2020-06-02'),
(54, 'DUTY', NULL, 29, '2020-06-02'),
(55, 'ZBOR', 13, 2, '2020-06-03'),
(56, 'DUTY', NULL, 3, '2020-06-03'),
(57, 'ZBOR', 13, 11, '2020-06-03'),
(58, 'DUTY', NULL, 12, '2020-06-03'),
(59, 'DUTY', NULL, 13, '2020-06-03'),
(60, 'DUTY', NULL, 14, '2020-06-03'),
(61, 'DUTY', NULL, 15, '2020-06-03'),
(62, 'DUTY', NULL, 16, '2020-06-03'),
(63, 'DUTY', NULL, 17, '2020-06-03'),
(64, 'DUTY', NULL, 29, '2020-06-04'),
(65, 'DUTY', NULL, 28, '2020-06-04'),
(66, 'DUTY', NULL, 27, '2020-06-04'),
(67, 'ZBOR', 17, 26, '2020-06-04'),
(68, 'DUTY', NULL, 25, '2020-06-04'),
(69, 'DUTY', NULL, 20, '2020-06-04'),
(70, 'ZBOR', 17, 21, '2020-06-04'),
(71, 'ZBOR', 15, 19, '2020-06-04'),
(72, 'ZBOR', 15, 18, '2020-06-04'),
(73, 'DUTY', NULL, 29, '2020-06-05'),
(74, 'DUTY', NULL, 28, '2020-06-05'),
(75, 'DUTY', NULL, 27, '2020-06-05'),
(76, 'DUTY', NULL, 26, '2020-06-05'),
(77, 'ZBOR', 22, 25, '2020-06-05'),
(78, 'ZBOR', 22, 21, '2020-06-05'),
(79, 'DUTY', NULL, 20, '2020-06-05'),
(80, 'ZBOR', 19, 19, '2020-06-05'),
(81, 'ZBOR', 19, 18, '2020-06-05'),
(82, 'ZBOR', 26, 2, '2020-06-06'),
(83, 'DUTY', NULL, 3, '2020-06-06'),
(84, 'ZBOR', 26, 11, '2020-06-06'),
(85, 'DUTY', NULL, 12, '2020-06-06'),
(86, 'DUTY', NULL, 13, '2020-06-06'),
(87, 'DUTY', NULL, 14, '2020-06-06'),
(88, 'ZBOR', 24, 15, '2020-06-06'),
(89, 'ZBOR', 24, 16, '2020-06-06'),
(90, 'DUTY', NULL, 17, '2020-06-06'),
(91, 'DUTY', NULL, 2, '2020-06-07'),
(93, 'DUTY', NULL, 11, '2020-06-07'),
(94, 'DUTY', NULL, 12, '2020-06-07'),
(95, 'ZBOR', 29, 13, '2020-06-07'),
(97, 'DUTY', NULL, 15, '2020-06-07'),
(98, 'DUTY', NULL, 16, '2020-06-07'),
(99, 'DUTY', NULL, 17, '2020-06-07'),
(100, 'DUTY', NULL, 29, '2020-06-08'),
(101, 'DUTY', NULL, 28, '2020-06-08'),
(102, 'DUTY', NULL, 27, '2020-06-08'),
(103, 'DUTY', NULL, 26, '2020-06-08'),
(104, 'ZBOR', 31, 25, '2020-06-08'),
(105, 'DUTY', NULL, 20, '2020-06-08'),
(106, 'ZBOR', 31, 21, '2020-06-08'),
(107, 'DUTY', NULL, 19, '2020-06-08'),
(108, 'DUTY', NULL, 18, '2020-06-08'),
(109, 'DUTY', NULL, 29, '2020-06-09'),
(110, 'DUTY', NULL, 28, '2020-06-09'),
(111, 'DUTY', NULL, 27, '2020-06-09'),
(112, 'DUTY', NULL, 26, '2020-06-09'),
(113, 'DUTY', NULL, 25, '2020-06-09'),
(114, 'DUTY', NULL, 21, '2020-06-09'),
(115, 'ZBOR', 33, 20, '2020-06-09'),
(116, 'DUTY', NULL, 19, '2020-06-09'),
(117, 'ZBOR', 33, 18, '2020-06-09'),
(118, 'ZBOR', 42, 2, '2020-06-11'),
(119, 'ZBOR', 44, 3, '2020-06-11'),
(120, 'ZBOR', 42, 11, '2020-06-11'),
(121, 'DUTY', NULL, 12, '2020-06-11'),
(122, 'ZBOR', 44, 13, '2020-06-11'),
(123, 'DUTY', NULL, 14, '2020-06-11'),
(124, 'DUTY', NULL, 15, '2020-06-11'),
(125, 'DUTY', NULL, 16, '2020-06-11'),
(126, 'DUTY', NULL, 17, '2020-06-11'),
(127, 'DUTY', NULL, 2, '2020-06-12'),
(128, 'DUTY', NULL, 3, '2020-06-12'),
(129, 'ZBOR', 46, 11, '2020-06-12'),
(130, 'ZBOR', 46, 12, '2020-06-12'),
(131, 'DUTY', NULL, 13, '2020-06-12'),
(132, 'DUTY', NULL, 14, '2020-06-12'),
(133, 'DUTY', NULL, 15, '2020-06-12'),
(134, 'DUTY', NULL, 16, '2020-06-12'),
(135, 'DUTY', NULL, 17, '2020-06-12'),
(136, 'DUTY', NULL, 2, '2020-06-10'),
(137, 'DUTY', NULL, 3, '2020-06-10'),
(138, 'DUTY', NULL, 11, '2020-06-10'),
(139, 'DUTY', NULL, 12, '2020-06-10'),
(140, 'DUTY', NULL, 13, '2020-06-10'),
(141, 'DUTY', NULL, 14, '2020-06-10'),
(142, 'ZBOR', 40, 15, '2020-06-10'),
(143, 'DUTY', NULL, 16, '2020-06-10'),
(144, 'ZBOR', 40, 17, '2020-06-10'),
(145, 'ZBOR', 38, 29, '2020-06-10'),
(146, 'ZBOR', 38, 28, '2020-06-10'),
(147, 'DUTY', NULL, 27, '2020-06-10'),
(148, 'DUTY', NULL, 26, '2020-06-10'),
(149, 'DUTY', NULL, 25, '2020-06-10'),
(150, 'ZBOR', 36, 20, '2020-06-10'),
(151, 'DUTY', NULL, 21, '2020-06-10'),
(152, 'DUTY', NULL, 19, '2020-06-10'),
(153, 'ZBOR', 36, 18, '2020-06-10'),
(154, 'DUTY', NULL, 29, '2020-06-14'),
(155, 'DUTY', NULL, 28, '2020-06-14'),
(156, 'DUTY', NULL, 27, '2020-06-14'),
(157, 'DUTY', NULL, 26, '2020-06-14'),
(158, 'DUTY', NULL, 25, '2020-06-14'),
(159, 'DUTY', NULL, 21, '2020-06-14'),
(160, 'DUTY', NULL, 20, '2020-06-14'),
(161, 'ZBOR', 50, 19, '2020-06-14'),
(162, 'ZBOR', 50, 18, '2020-06-14'),
(163, 'DUTY', NULL, 29, '2020-06-13'),
(164, 'ZBOR', 48, 28, '2020-06-13'),
(165, 'ZBOR', 48, 27, '2020-06-13'),
(166, 'DUTY', NULL, 26, '2020-06-13'),
(167, 'DUTY', NULL, 25, '2020-06-13'),
(168, 'DUTY', NULL, 21, '2020-06-13'),
(169, 'DUTY', NULL, 20, '2020-06-13'),
(170, 'DUTY', NULL, 19, '2020-06-13'),
(171, 'DUTY', NULL, 18, '2020-06-13'),
(172, 'ZBOR', 52, 2, '2020-06-15'),
(173, 'DUTY', NULL, 3, '2020-06-15'),
(174, 'DUTY', NULL, 11, '2020-06-15'),
(175, 'ZBOR', 52, 12, '2020-06-15'),
(176, 'DUTY', NULL, 13, '2020-06-15'),
(177, 'DUTY', NULL, 14, '2020-06-15'),
(178, 'DUTY', NULL, 15, '2020-06-15'),
(179, 'DUTY', NULL, 16, '2020-06-15'),
(180, 'DUTY', NULL, 17, '2020-06-15'),
(181, 'DUTY', NULL, 2, '2020-06-16'),
(182, 'DUTY', NULL, 3, '2020-06-16'),
(183, 'ZBOR', 54, 11, '2020-06-16'),
(184, 'ZBOR', 54, 12, '2020-06-16'),
(185, 'DUTY', NULL, 13, '2020-06-16'),
(186, 'DUTY', NULL, 14, '2020-06-16'),
(187, 'DUTY', NULL, 15, '2020-06-16'),
(188, 'DUTY', NULL, 16, '2020-06-16'),
(189, 'DUTY', NULL, 17, '2020-06-16'),
(190, 'DUTY', NULL, 2, '2020-06-17'),
(191, 'DUTY', NULL, 3, '2020-06-17'),
(192, 'DUTY', NULL, 11, '2020-06-17'),
(193, 'DUTY', NULL, 12, '2020-06-17'),
(194, 'DUTY', NULL, 13, '2020-06-17'),
(195, 'DUTY', NULL, 14, '2020-06-17'),
(196, 'ZBOR', 58, 15, '2020-06-17'),
(197, 'ZBOR', 58, 16, '2020-06-17'),
(198, 'DUTY', NULL, 17, '2020-06-17'),
(199, 'DUTY', NULL, 29, '2020-06-17'),
(200, 'DUTY', NULL, 28, '2020-06-17'),
(201, 'DUTY', NULL, 27, '2020-06-17'),
(202, 'ZBOR', 56, 26, '2020-06-17'),
(203, 'ZBOR', 56, 25, '2020-06-17'),
(204, 'ZBOR', 61, 20, '2020-06-17'),
(205, 'DUTY', NULL, 21, '2020-06-17'),
(206, 'DUTY', NULL, 19, '2020-06-17'),
(207, 'ZBOR', 61, 18, '2020-06-17'),
(208, 'ZBOR', 63, 29, '2020-06-18'),
(209, 'DUTY', NULL, 28, '2020-06-18'),
(210, 'ZBOR', 63, 27, '2020-06-18'),
(211, 'DUTY', NULL, 26, '2020-06-18'),
(212, 'DUTY', NULL, 25, '2020-06-18'),
(213, 'DUTY', NULL, 21, '2020-06-18'),
(214, 'DUTY', NULL, 20, '2020-06-18'),
(215, 'DUTY', NULL, 19, '2020-06-18'),
(216, 'DUTY', NULL, 18, '2020-06-18'),
(217, 'DUTY', NULL, 29, '2020-06-19'),
(218, 'DUTY', NULL, 28, '2020-06-19'),
(219, 'DUTY', NULL, 27, '2020-06-19'),
(220, 'DUTY', NULL, 26, '2020-06-19'),
(221, 'DUTY', NULL, 25, '2020-06-19'),
(222, 'DUTY', NULL, 21, '2020-06-19'),
(223, 'DUTY', NULL, 20, '2020-06-19'),
(224, 'ZBOR', 65, 19, '2020-06-19'),
(225, 'ZBOR', 65, 18, '2020-06-19'),
(226, 'DUTY', NULL, 2, '2020-06-20'),
(227, 'DUTY', NULL, 3, '2020-06-20'),
(228, 'DUTY', NULL, 11, '2020-06-20'),
(229, 'DUTY', NULL, 12, '2020-06-20'),
(230, 'DUTY', NULL, 13, '2020-06-20'),
(231, 'DUTY', NULL, 14, '2020-06-20'),
(232, 'ZBOR', 67, 15, '2020-06-20'),
(233, 'ZBOR', 67, 16, '2020-06-20'),
(234, 'DUTY', NULL, 17, '2020-06-20'),
(235, 'ZBOR', 69, 2, '2020-06-21'),
(236, 'DUTY', NULL, 3, '2020-06-21'),
(237, 'ZBOR', 69, 11, '2020-06-21'),
(238, 'DUTY', NULL, 12, '2020-06-21'),
(239, 'DUTY', NULL, 13, '2020-06-21'),
(240, 'DUTY', NULL, 14, '2020-06-21'),
(241, 'DUTY', NULL, 15, '2020-06-21'),
(242, 'DUTY', NULL, 16, '2020-06-21'),
(243, 'DUTY', NULL, 17, '2020-06-21'),
(244, 'DUTY', NULL, 2, '2020-06-22'),
(245, 'DUTY', NULL, 3, '2020-06-22'),
(246, 'DUTY', NULL, 11, '2020-06-22'),
(247, 'DUTY', NULL, 12, '2020-06-22'),
(248, 'DUTY', NULL, 13, '2020-06-22'),
(249, 'DUTY', NULL, 14, '2020-06-22'),
(250, 'DUTY', NULL, 15, '2020-06-22'),
(251, 'DUTY', NULL, 16, '2020-06-22'),
(252, 'DUTY', NULL, 17, '2020-06-22'),
(253, 'DUTY', NULL, 29, '2020-06-22'),
(254, 'ZBOR', 73, 28, '2020-06-22'),
(255, 'ZBOR', 73, 27, '2020-06-22'),
(256, 'DUTY', NULL, 26, '2020-06-22'),
(257, 'ZBOR', 71, 25, '2020-06-22'),
(258, 'DUTY', NULL, 20, '2020-06-22'),
(259, 'ZBOR', 71, 21, '2020-06-22'),
(260, 'ZBOR', 75, 19, '2020-06-22'),
(261, 'ZBOR', 75, 18, '2020-06-22'),
(262, 'DUTY', NULL, 29, '2020-06-23'),
(263, 'DUTY', NULL, 28, '2020-06-23'),
(264, 'DUTY', NULL, 27, '2020-06-23'),
(265, 'DUTY', NULL, 26, '2020-06-23'),
(266, 'ZBOR', 77, 25, '2020-06-23'),
(267, 'ZBOR', 77, 21, '2020-06-23'),
(268, 'DUTY', NULL, 20, '2020-06-23'),
(269, 'DUTY', NULL, 19, '2020-06-23'),
(270, 'DUTY', NULL, 18, '2020-06-23'),
(271, 'ZBOR', 80, 29, '2020-06-24'),
(272, 'DUTY', NULL, 28, '2020-06-24'),
(273, 'ZBOR', 80, 27, '2020-06-24'),
(274, 'DUTY', NULL, 26, '2020-06-24'),
(275, 'DUTY', NULL, 25, '2020-06-24'),
(276, 'DUTY', NULL, 21, '2020-06-24'),
(277, 'DUTY', NULL, 20, '2020-06-24'),
(278, 'DUTY', NULL, 19, '2020-06-24'),
(279, 'DUTY', NULL, 18, '2020-06-24'),
(280, 'DUTY', NULL, 2, '2020-06-25'),
(281, 'DUTY', NULL, 3, '2020-06-25'),
(282, 'ZBOR', 82, 11, '2020-06-25'),
(283, 'ZBOR', 82, 12, '2020-06-25'),
(284, 'DUTY', NULL, 13, '2020-06-25'),
(285, 'DUTY', NULL, 14, '2020-06-25'),
(286, 'DUTY', NULL, 15, '2020-06-25'),
(287, 'DUTY', NULL, 16, '2020-06-25'),
(288, 'DUTY', NULL, 17, '2020-06-25'),
(289, 'DUTY', NULL, 2, '2020-06-26'),
(290, 'DUTY', NULL, 3, '2020-06-26'),
(291, 'DUTY', NULL, 11, '2020-06-26'),
(292, 'DUTY', NULL, 12, '2020-06-26'),
(293, 'DUTY', NULL, 13, '2020-06-26'),
(294, 'DUTY', NULL, 14, '2020-06-26'),
(295, 'DUTY', NULL, 15, '2020-06-26'),
(296, 'DUTY', NULL, 16, '2020-06-26'),
(297, 'DUTY', NULL, 17, '2020-06-26'),
(298, 'DUTY', NULL, 2, '2020-06-27'),
(299, 'ZBOR', 84, 3, '2020-06-27'),
(300, 'DUTY', NULL, 11, '2020-06-27'),
(301, 'DUTY', NULL, 12, '2020-06-27'),
(302, 'DUTY', NULL, 13, '2020-06-27'),
(303, 'ZBOR', 84, 14, '2020-06-27'),
(304, 'DUTY', NULL, 15, '2020-06-27'),
(305, 'DUTY', NULL, 16, '2020-06-27'),
(306, 'DUTY', NULL, 17, '2020-06-27'),
(307, 'DUTY', NULL, 29, '2020-06-27'),
(308, 'DUTY', NULL, 28, '2020-06-27'),
(309, 'DUTY', NULL, 27, '2020-06-27'),
(310, 'DUTY', NULL, 26, '2020-06-27'),
(311, 'DUTY', NULL, 25, '2020-06-27'),
(312, 'DUTY', NULL, 20, '2020-06-27'),
(313, 'DUTY', NULL, 21, '2020-06-27'),
(314, 'DUTY', NULL, 19, '2020-06-27'),
(315, 'DUTY', NULL, 18, '2020-06-27'),
(316, 'DUTY', NULL, 29, '2020-06-28'),
(317, 'DUTY', NULL, 28, '2020-06-28'),
(318, 'DUTY', NULL, 27, '2020-06-28'),
(319, 'ZBOR', 86, 26, '2020-06-28'),
(320, 'DUTY', NULL, 25, '2020-06-28'),
(321, 'ZBOR', 86, 21, '2020-06-28'),
(322, 'DUTY', NULL, 20, '2020-06-28'),
(323, 'DUTY', NULL, 19, '2020-06-28'),
(324, 'DUTY', NULL, 18, '2020-06-28'),
(325, 'DUTY', NULL, 29, '2020-06-29'),
(326, 'ZBOR', 88, 28, '2020-06-29'),
(327, 'ZBOR', 88, 27, '2020-06-29'),
(328, 'DUTY', NULL, 26, '2020-06-29'),
(329, 'DUTY', NULL, 25, '2020-06-29'),
(330, 'DUTY', NULL, 21, '2020-06-29'),
(331, 'DUTY', NULL, 20, '2020-06-29'),
(332, 'DUTY', NULL, 19, '2020-06-29'),
(333, 'DUTY', NULL, 18, '2020-06-29'),
(335, 'ZBOR', 1, 22, '2020-06-01'),
(336, 'ZBOR', 1, 23, '2020-06-01'),
(338, 'ZBOR', 3, 31, '2020-06-01'),
(339, 'ZBOR', 3, 32, '2020-06-01'),
(340, 'ZBOR', 5, 33, '2020-06-01'),
(341, 'ZBOR', 5, 34, '2020-06-01'),
(342, 'DUTY', NULL, 35, '2020-06-01'),
(343, 'DUTY', NULL, 4, '2020-06-30'),
(344, 'ZBOR', 94, 22, '2020-06-30'),
(345, 'ZBOR', 90, 23, '2020-06-30'),
(346, 'ZBOR', 92, 24, '2020-06-30'),
(347, 'DUTY', NULL, 30, '2020-06-30'),
(348, 'ZBOR', 94, 31, '2020-06-30'),
(349, 'DUTY', NULL, 32, '2020-06-30'),
(350, 'ZBOR', 92, 33, '2020-06-30'),
(351, 'ZBOR', 90, 34, '2020-06-30'),
(352, 'DUTY', NULL, 35, '2020-06-30'),
(353, 'DUTY', NULL, 4, '2020-06-02'),
(354, 'DUTY', NULL, 22, '2020-06-02'),
(355, 'DUTY', NULL, 23, '2020-06-02'),
(356, 'ZBOR', 11, 24, '2020-06-02'),
(357, 'ZBOR', 11, 30, '2020-06-02'),
(358, 'DUTY', NULL, 31, '2020-06-02'),
(359, 'ZBOR', 9, 32, '2020-06-02'),
(360, 'ZBOR', 7, 33, '2020-06-02'),
(361, 'ZBOR', 9, 34, '2020-06-02'),
(362, 'ZBOR', 7, 35, '2020-06-02'),
(363, 'DUTY', NULL, 4, '2020-06-03'),
(364, 'ZBOR', 13, 22, '2020-06-03'),
(365, 'DUTY', NULL, 23, '2020-06-03'),
(366, 'DUTY', NULL, 24, '2020-06-03'),
(367, 'ZBOR', 13, 30, '2020-06-03'),
(368, 'ZBOR', 17, 31, '2020-06-04'),
(369, 'ZBOR', 15, 32, '2020-06-04'),
(370, 'ZBOR', 17, 33, '2020-06-04'),
(371, 'DUTY', NULL, 34, '2020-06-04'),
(372, 'ZBOR', 15, 35, '2020-06-04'),
(373, 'ZBOR', 19, 31, '2020-06-05'),
(374, 'ZBOR', 22, 32, '2020-06-05'),
(375, 'ZBOR', 19, 33, '2020-06-05'),
(376, 'ZBOR', 22, 34, '2020-06-05'),
(377, 'DUTY', NULL, 35, '2020-06-05'),
(378, 'ZBOR', 24, 4, '2020-06-06'),
(379, 'ZBOR', 26, 22, '2020-06-06'),
(380, 'ZBOR', 24, 23, '2020-06-06'),
(381, 'ZBOR', 26, 24, '2020-06-06'),
(382, 'DUTY', NULL, 30, '2020-06-06'),
(383, 'DUTY', NULL, 4, '2020-06-07'),
(384, 'ZBOR', 29, 22, '2020-06-07'),
(385, 'DUTY', NULL, 23, '2020-06-07'),
(386, 'ZBOR', 29, 24, '2020-06-07'),
(387, 'DUTY', NULL, 30, '2020-06-07'),
(388, 'DUTY', NULL, 31, '2020-06-08'),
(389, 'ZBOR', 31, 32, '2020-06-08'),
(390, 'ZBOR', 31, 33, '2020-06-08'),
(391, 'DUTY', NULL, 34, '2020-06-08'),
(392, 'DUTY', NULL, 35, '2020-06-08'),
(393, 'ZBOR', 33, 31, '2020-06-09'),
(394, 'ZBOR', 33, 32, '2020-06-09'),
(395, 'DUTY', NULL, 33, '2020-06-09'),
(396, 'DUTY', NULL, 34, '2020-06-09'),
(397, 'DUTY', NULL, 35, '2020-06-09'),
(398, 'ZBOR', 42, 4, '2020-06-11'),
(399, 'DUTY', NULL, 22, '2020-06-11'),
(400, 'ZBOR', 42, 23, '2020-06-11'),
(401, 'ZBOR', 44, 24, '2020-06-11'),
(402, 'ZBOR', 44, 30, '2020-06-11'),
(403, 'DUTY', NULL, 4, '2020-06-12'),
(404, 'ZBOR', 46, 22, '2020-06-12'),
(405, 'DUTY', NULL, 23, '2020-06-12'),
(406, 'ZBOR', 46, 24, '2020-06-12'),
(407, 'DUTY', NULL, 30, '2020-06-12'),
(408, 'DUTY', NULL, 4, '2020-06-10'),
(409, 'ZBOR', 40, 22, '2020-06-10'),
(410, 'ZBOR', 36, 23, '2020-06-10'),
(411, 'ZBOR', 38, 24, '2020-06-10'),
(412, 'ZBOR', 36, 30, '2020-06-10'),
(413, 'ZBOR', 38, 31, '2020-06-10'),
(414, 'ZBOR', 40, 32, '2020-06-10'),
(415, 'DUTY', NULL, 33, '2020-06-10'),
(416, 'DUTY', NULL, 34, '2020-06-10'),
(417, 'DUTY', NULL, 35, '2020-06-10'),
(418, 'ZBOR', 50, 31, '2020-06-14'),
(419, 'ZBOR', 50, 32, '2020-06-14'),
(420, 'DUTY', NULL, 33, '2020-06-14'),
(421, 'DUTY', NULL, 34, '2020-06-14'),
(422, 'DUTY', NULL, 35, '2020-06-14'),
(423, 'ZBOR', 48, 31, '2020-06-13'),
(424, 'ZBOR', 48, 32, '2020-06-13'),
(425, 'DUTY', NULL, 33, '2020-06-13'),
(426, 'DUTY', NULL, 34, '2020-06-13'),
(427, 'DUTY', NULL, 35, '2020-06-13'),
(428, 'ZBOR', 52, 4, '2020-06-15'),
(429, 'DUTY', NULL, 22, '2020-06-15'),
(430, 'ZBOR', 52, 23, '2020-06-15'),
(431, 'DUTY', NULL, 24, '2020-06-15'),
(432, 'DUTY', NULL, 30, '2020-06-15'),
(433, 'DUTY', NULL, 4, '2020-06-16'),
(434, 'DUTY', NULL, 22, '2020-06-16'),
(435, 'ZBOR', 54, 23, '2020-06-16'),
(436, 'DUTY', NULL, 24, '2020-06-16'),
(437, 'ZBOR', 54, 30, '2020-06-16'),
(438, 'DUTY', NULL, 4, '2020-06-17'),
(439, 'ZBOR', 61, 22, '2020-06-17'),
(440, 'ZBOR', 58, 23, '2020-06-17'),
(441, 'DUTY', NULL, 24, '2020-06-17'),
(442, 'DUTY', NULL, 30, '2020-06-17'),
(443, 'ZBOR', 61, 31, '2020-06-17'),
(444, 'ZBOR', 56, 32, '2020-06-17'),
(445, 'ZBOR', 58, 33, '2020-06-17'),
(446, 'DUTY', NULL, 34, '2020-06-17'),
(447, 'ZBOR', 56, 35, '2020-06-17'),
(448, 'DUTY', NULL, 31, '2020-06-18'),
(449, 'DUTY', NULL, 32, '2020-06-18'),
(450, 'DUTY', NULL, 32, '2020-06-18'),
(451, 'ZBOR', 63, 33, '2020-06-18'),
(452, 'ZBOR', 63, 34, '2020-06-18'),
(453, 'DUTY', NULL, 35, '2020-06-18'),
(454, 'DUTY', NULL, 31, '2020-06-19'),
(455, 'ZBOR', 65, 32, '2020-06-19'),
(456, 'ZBOR', 65, 33, '2020-06-19'),
(457, 'DUTY', NULL, 34, '2020-06-19'),
(458, 'DUTY', NULL, 35, '2020-06-19'),
(459, 'DUTY', NULL, 4, '2020-06-20'),
(460, 'ZBOR', 67, 22, '2020-06-20'),
(461, 'ZBOR', 67, 23, '2020-06-20'),
(462, 'DUTY', NULL, 24, '2020-06-20'),
(463, 'DUTY', NULL, 30, '2020-06-20'),
(464, 'DUTY', NULL, 4, '2020-06-21'),
(465, 'ZBOR', 69, 22, '2020-06-21'),
(466, 'DUTY', NULL, 23, '2020-06-21'),
(467, 'ZBOR', 69, 24, '2020-06-21'),
(468, 'DUTY', NULL, 30, '2020-06-21'),
(469, 'ZBOR', 71, 4, '2020-06-22'),
(470, 'DUTY', NULL, 22, '2020-06-22'),
(471, 'ZBOR', 73, 23, '2020-06-22'),
(472, 'ZBOR', 75, 24, '2020-06-22'),
(473, 'ZBOR', 73, 30, '2020-06-22'),
(474, 'DUTY', NULL, 31, '2020-06-22'),
(475, 'ZBOR', 75, 32, '2020-06-22'),
(476, 'DUTY', NULL, 33, '2020-06-22'),
(477, 'DUTY', NULL, 34, '2020-06-22'),
(478, 'ZBOR', 71, 35, '2020-06-22'),
(479, 'DUTY', NULL, 31, '2020-06-23'),
(480, 'ZBOR', 77, 32, '2020-06-23'),
(481, 'DUTY', NULL, 33, '2020-06-23'),
(482, 'ZBOR', 77, 34, '2020-06-23'),
(483, 'DUTY', NULL, 35, '2020-06-23'),
(484, 'DUTY', NULL, 31, '2020-06-24'),
(485, 'ZBOR', 80, 32, '2020-06-24'),
(486, 'DUTY', NULL, 33, '2020-06-24'),
(487, 'ZBOR', 80, 34, '2020-06-24'),
(488, 'DUTY', NULL, 35, '2020-06-24'),
(489, 'DUTY', NULL, 4, '2020-06-25'),
(490, 'ZBOR', 82, 22, '2020-06-25'),
(491, 'DUTY', NULL, 23, '2020-06-25'),
(492, 'DUTY', NULL, 24, '2020-06-25'),
(493, 'ZBOR', 82, 30, '2020-06-25'),
(494, 'DUTY', NULL, 4, '2020-06-26'),
(495, 'DUTY', NULL, 22, '2020-06-26'),
(496, 'DUTY', NULL, 23, '2020-06-26'),
(497, 'DUTY', NULL, 24, '2020-06-26'),
(498, 'DUTY', NULL, 30, '2020-06-26'),
(499, 'DUTY', NULL, 4, '2020-06-27'),
(500, 'DUTY', NULL, 22, '2020-06-27'),
(501, 'DUTY', NULL, 23, '2020-06-27'),
(502, 'ZBOR', 84, 24, '2020-06-27'),
(503, 'DUTY', NULL, 30, '2020-06-27'),
(504, 'DUTY', NULL, 31, '2020-06-27'),
(505, 'DUTY', NULL, 32, '2020-06-27'),
(506, 'DUTY', NULL, 33, '2020-06-27'),
(507, 'ZBOR', 84, 34, '2020-06-27'),
(508, 'DUTY', NULL, 35, '2020-06-27'),
(509, 'ZBOR', 86, 31, '2020-06-28'),
(510, 'DUTY', NULL, 32, '2020-06-28'),
(511, 'ZBOR', 86, 33, '2020-06-28'),
(512, 'DUTY', NULL, 34, '2020-06-28'),
(513, 'DUTY', NULL, 35, '2020-06-28'),
(514, 'DUTY', NULL, 31, '2020-06-29'),
(515, 'ZBOR', 88, 32, '2020-06-29'),
(516, 'DUTY', NULL, 33, '2020-06-29'),
(517, 'DUTY', NULL, 34, '2020-06-29'),
(518, 'ZBOR', 88, 35, '2020-06-29'),
(519, 'DUTY', NULL, 21, '2020-06-01'),
(532, 'DUTY', NULL, 25, '2020-06-01'),
(534, 'DUTY', NULL, 30, '2020-06-01'),
(537, 'DUTY', NULL, 4, '2020-06-01'),
(539, 'DUTY', NULL, 2, '2020-06-02'),
(540, 'DUTY', NULL, 11, '2020-06-02'),
(541, 'DUTY', NULL, 4, '2020-06-02'),
(542, 'DUTY', NULL, 22, '2020-06-02'),
(543, 'ZBOR', 2, 2, '2020-06-01'),
(544, 'ZBOR', 2, 11, '2020-06-01'),
(545, 'ZBOR', 2, 22, '2020-06-01'),
(546, 'ZBOR', 2, 23, '2020-06-01'),
(547, 'ZBOR', 4, 3, '2020-06-01'),
(548, 'ZBOR', 4, 13, '2020-06-01'),
(549, 'ZBOR', 4, 31, '2020-06-01'),
(550, 'ZBOR', 4, 32, '2020-06-01'),
(551, 'ZBOR', 6, 27, '2020-06-01'),
(552, 'ZBOR', 6, 28, '2020-06-01'),
(553, 'ZBOR', 6, 33, '2020-06-01'),
(554, 'ZBOR', 6, 34, '2020-06-01'),
(556, 'DUTY', NULL, 24, '2020-06-01'),
(557, 'ZBOR', 8, 15, '2020-06-02'),
(558, 'ZBOR', 8, 16, '2020-06-02'),
(559, 'ZBOR', 8, 35, '2020-06-02'),
(560, 'ZBOR', 8, 33, '2020-06-02'),
(561, 'ZBOR', 10, 21, '2020-06-02'),
(562, 'ZBOR', 10, 25, '2020-06-02'),
(563, 'ZBOR', 10, 34, '2020-06-02'),
(564, 'ZBOR', 10, 32, '2020-06-02'),
(565, 'ZBOR', 12, 3, '2020-06-02'),
(566, 'ZBOR', 12, 13, '2020-06-02'),
(567, 'ZBOR', 12, 24, '2020-06-02'),
(568, 'ZBOR', 12, 30, '2020-06-02'),
(569, 'ZBOR', 14, 2, '2020-06-03'),
(570, 'ZBOR', 14, 11, '2020-06-03'),
(571, 'ZBOR', 14, 30, '2020-06-03'),
(572, 'ZBOR', 14, 22, '2020-06-03'),
(573, 'ZBOR', 16, 18, '2020-06-04'),
(574, 'ZBOR', 16, 19, '2020-06-04'),
(575, 'ZBOR', 16, 35, '2020-06-04'),
(576, 'ZBOR', 16, 32, '2020-06-04'),
(577, 'ZBOR', 18, 21, '2020-06-04'),
(578, 'ZBOR', 18, 26, '2020-06-04'),
(579, 'ZBOR', 18, 31, '2020-06-04'),
(580, 'ZBOR', 18, 33, '2020-06-04'),
(581, 'ZBOR', 20, 18, '2020-06-05'),
(582, 'ZBOR', 20, 19, '2020-06-05'),
(583, 'ZBOR', 20, 31, '2020-06-05'),
(584, 'ZBOR', 20, 33, '2020-06-05'),
(585, 'ZBOR', 23, 21, '2020-06-05'),
(586, 'ZBOR', 23, 25, '2020-06-05'),
(587, 'ZBOR', 23, 32, '2020-06-05'),
(588, 'ZBOR', 23, 34, '2020-06-05'),
(589, 'ZBOR', 25, 15, '2020-06-06'),
(590, 'ZBOR', 25, 16, '2020-06-06'),
(591, 'ZBOR', 25, 4, '2020-06-06'),
(592, 'ZBOR', 25, 23, '2020-06-06'),
(593, 'ZBOR', 27, 2, '2020-06-06'),
(594, 'ZBOR', 27, 11, '2020-06-06'),
(595, 'ZBOR', 27, 24, '2020-06-06'),
(596, 'ZBOR', 27, 22, '2020-06-06'),
(604, 'DUTY', NULL, 24, '2020-06-07'),
(605, 'ZBOR', 29, 14, '2020-06-07'),
(606, 'ZBOR', 30, 13, '2020-06-07'),
(607, 'ZBOR', 30, 14, '2020-06-07'),
(608, 'ZBOR', 30, 22, '2020-06-07'),
(609, 'ZBOR', 30, 24, '2020-06-07'),
(610, 'ZBOR', 32, 21, '2020-06-08'),
(611, 'ZBOR', 32, 25, '2020-06-08'),
(612, 'ZBOR', 32, 33, '2020-06-08'),
(613, 'ZBOR', 32, 32, '2020-06-08'),
(614, 'ZBOR', 34, 18, '2020-06-09'),
(615, 'ZBOR', 34, 20, '2020-06-09'),
(616, 'ZBOR', 34, 32, '2020-06-09'),
(617, 'ZBOR', 34, 31, '2020-06-09'),
(618, 'ZBOR', 37, 18, '2020-06-10'),
(619, 'ZBOR', 37, 20, '2020-06-10'),
(620, 'ZBOR', 37, 30, '2020-06-10'),
(621, 'ZBOR', 37, 23, '2020-06-10'),
(622, 'ZBOR', 39, 29, '2020-06-10'),
(623, 'ZBOR', 39, 28, '2020-06-10'),
(624, 'ZBOR', 39, 24, '2020-06-10'),
(625, 'ZBOR', 39, 31, '2020-06-10'),
(626, 'ZBOR', 41, 15, '2020-06-10'),
(627, 'ZBOR', 41, 17, '2020-06-10'),
(628, 'ZBOR', 41, 22, '2020-06-10'),
(629, 'ZBOR', 41, 32, '2020-06-10'),
(630, 'ZBOR', 43, 2, '2020-06-11'),
(631, 'ZBOR', 43, 11, '2020-06-11'),
(632, 'ZBOR', 43, 23, '2020-06-11'),
(633, 'ZBOR', 43, 4, '2020-06-11'),
(634, 'ZBOR', 45, 13, '2020-06-11'),
(635, 'ZBOR', 45, 3, '2020-06-11'),
(636, 'ZBOR', 45, 24, '2020-06-11'),
(637, 'ZBOR', 45, 30, '2020-06-11'),
(638, 'ZBOR', 47, 11, '2020-06-12'),
(639, 'ZBOR', 47, 12, '2020-06-12'),
(640, 'ZBOR', 47, 22, '2020-06-12'),
(641, 'ZBOR', 47, 24, '2020-06-12'),
(642, 'ZBOR', 49, 28, '2020-06-13'),
(643, 'ZBOR', 49, 27, '2020-06-13'),
(644, 'ZBOR', 49, 32, '2020-06-13'),
(645, 'ZBOR', 49, 31, '2020-06-13'),
(646, 'ZBOR', 51, 19, '2020-06-14'),
(647, 'ZBOR', 51, 18, '2020-06-14'),
(648, 'ZBOR', 51, 31, '2020-06-14'),
(649, 'ZBOR', 51, 32, '2020-06-14'),
(650, 'ZBOR', 53, 12, '2020-06-15'),
(651, 'ZBOR', 53, 2, '2020-06-15'),
(652, 'ZBOR', 53, 23, '2020-06-15'),
(653, 'ZBOR', 53, 4, '2020-06-15'),
(654, 'ZBOR', 55, 12, '2020-06-16'),
(655, 'ZBOR', 55, 11, '2020-06-16'),
(656, 'ZBOR', 55, 23, '2020-06-16'),
(657, 'ZBOR', 55, 30, '2020-06-16'),
(658, 'ZBOR', 57, 26, '2020-06-17'),
(659, 'ZBOR', 57, 25, '2020-06-17'),
(660, 'ZBOR', 57, 35, '2020-06-17'),
(661, 'ZBOR', 57, 32, '2020-06-17'),
(662, 'ZBOR', 59, 16, '2020-06-17'),
(663, 'ZBOR', 59, 15, '2020-06-17'),
(664, 'ZBOR', 59, 23, '2020-06-17'),
(665, 'ZBOR', 59, 33, '2020-06-17'),
(666, 'ZBOR', 62, 18, '2020-06-17'),
(667, 'ZBOR', 62, 20, '2020-06-17'),
(668, 'ZBOR', 62, 31, '2020-06-17'),
(669, 'ZBOR', 62, 22, '2020-06-17'),
(670, 'ZBOR', 64, 29, '2020-06-18'),
(671, 'ZBOR', 64, 27, '2020-06-18'),
(672, 'ZBOR', 64, 33, '2020-06-18'),
(673, 'ZBOR', 64, 34, '2020-06-18'),
(674, 'ZBOR', 66, 18, '2020-06-19'),
(675, 'ZBOR', 66, 19, '2020-06-19'),
(676, 'ZBOR', 66, 32, '2020-06-19'),
(677, 'ZBOR', 66, 33, '2020-06-19'),
(678, 'ZBOR', 68, 16, '2020-06-20'),
(679, 'ZBOR', 68, 15, '2020-06-20'),
(680, 'ZBOR', 68, 22, '2020-06-20'),
(681, 'ZBOR', 68, 23, '2020-06-20'),
(682, 'ZBOR', 70, 11, '2020-06-21'),
(683, 'ZBOR', 70, 2, '2020-06-21'),
(684, 'ZBOR', 70, 22, '2020-06-21'),
(685, 'ZBOR', 70, 24, '2020-06-21'),
(686, 'ZBOR', 72, 25, '2020-06-22'),
(687, 'ZBOR', 72, 21, '2020-06-22'),
(688, 'ZBOR', 72, 4, '2020-06-22'),
(689, 'ZBOR', 72, 35, '2020-06-22'),
(690, 'ZBOR', 74, 27, '2020-06-22'),
(691, 'ZBOR', 74, 28, '2020-06-22'),
(692, 'ZBOR', 74, 30, '2020-06-22'),
(693, 'ZBOR', 74, 23, '2020-06-22'),
(694, 'ZBOR', 76, 19, '2020-06-22'),
(695, 'ZBOR', 76, 18, '2020-06-22'),
(696, 'ZBOR', 76, 24, '2020-06-22'),
(697, 'ZBOR', 76, 32, '2020-06-22'),
(698, 'ZBOR', 78, 25, '2020-06-23'),
(699, 'ZBOR', 78, 21, '2020-06-23'),
(700, 'ZBOR', 78, 34, '2020-06-23'),
(701, 'ZBOR', 78, 32, '2020-06-23'),
(702, 'ZBOR', 81, 27, '2020-06-24'),
(703, 'ZBOR', 81, 29, '2020-06-24'),
(704, 'ZBOR', 81, 32, '2020-06-24'),
(705, 'ZBOR', 81, 34, '2020-06-24'),
(706, 'ZBOR', 83, 11, '2020-06-25'),
(707, 'ZBOR', 83, 12, '2020-06-25'),
(708, 'ZBOR', 83, 22, '2020-06-25'),
(709, 'ZBOR', 83, 30, '2020-06-25'),
(710, 'ZBOR', 85, 3, '2020-06-27'),
(711, 'ZBOR', 85, 14, '2020-06-27'),
(712, 'ZBOR', 85, 24, '2020-06-27'),
(713, 'ZBOR', 85, 34, '2020-06-27'),
(714, 'ZBOR', 87, 26, '2020-06-28'),
(715, 'ZBOR', 87, 21, '2020-06-28'),
(716, 'ZBOR', 87, 31, '2020-06-28'),
(717, 'ZBOR', 87, 33, '2020-06-28'),
(718, 'ZBOR', 89, 28, '2020-06-29'),
(719, 'ZBOR', 89, 27, '2020-06-29'),
(720, 'ZBOR', 89, 32, '2020-06-29'),
(721, 'ZBOR', 89, 35, '2020-06-29'),
(722, 'ZBOR', 91, 2, '2020-06-30'),
(723, 'ZBOR', 91, 11, '2020-06-30'),
(724, 'ZBOR', 91, 23, '2020-06-30'),
(725, 'ZBOR', 91, 34, '2020-06-30'),
(726, 'ZBOR', 93, 18, '2020-06-30'),
(727, 'ZBOR', 93, 19, '2020-06-30'),
(728, 'ZBOR', 93, 24, '2020-06-30'),
(729, 'ZBOR', 93, 33, '2020-06-30'),
(730, 'ZBOR', 95, 27, '2020-06-30'),
(731, 'ZBOR', 95, 28, '2020-06-30'),
(732, 'ZBOR', 95, 22, '2020-06-30'),
(733, 'ZBOR', 95, 31, '2020-06-30');

SELECT  nume,prenume,calificari,programe.date FROM angajati INNER JOIN programe ON angajati.idAngajat=programe.idAngajat INNER JOIN zboruri ON zboruri.idZbor=programe.idZbor INNER join rute ON rute.idRuta=zboruri.idRuta WHERE  aeroport_plecare="Atena" AND aeroport_sosire="Bucuresti" AND tip_angajat="Pilot";

CREATE VIEW vwavioane AS SELECT model,marca,nume,data_fabricatie FROM avioane;
SELECT *FROM vwavioane;

CREATE OR REPLACE VIEW vwavioane AS 
SELECT  CONCAT(marca," ",model," ",nume) AS "Tip avion", year(data_fabricatie) AS "An fabricatie" FROM avioane ORDER BY data_fabricatie ;
SELECT *FROM vwavioane;

SELECT DISTINCT CONCAT(nume," ",prenume) as "Nume angajat",zboruri.nrZbor, CONCAT(rute.aeroport_plecare," ",rute.aeroport_sosire) AS "Ruta" FROM angajati INNER JOIN programe ON angajati.idAngajat=programe.idAngajat INNER JOIN zboruri ON programe.idZbor=zboruri.idZbor INNER JOIN rute ON zboruri.idRuta=rute.idRuta WHERE programe.date="2020-06-01" GROUP BY zboruri.data_ora_plecare;

SELECT  angajati.idAngajat,CONCAT(nume," ",prenume) AS "Nume angajat",tip_angajat AS "Tip angajat",Numar_zile_DUTY FROM angajati LEFT JOIN(SELECT DISTINCT idAngajat,count(*) AS Numar_zile_DUTY FROM programe WHERE tip_activitate="DUTY" GROUP By idAngajat ) AS tabela ON angajati.idAngajat=tabela.idAngajat WHERE angajati.tip_angajat="Pilot" OR angajati.tip_angajat="Steward" GROUP BY Numar_zile_DUTY;

SELECT rute.idRuta,aeroport_plecare, aeroport_sosire,numarcurse FROM rute  INNER JOIN (SELECT DISTINCT idRuta, count(*) AS numarcurse FROM zboruri GROUP BY idRuta ) AS numar ON rute.idRuta=numar.idRuta;

SELECT programe.idAngajat, COUNT(*) FROM programe WHERE programe.tip_activitate = "ZBOR" GROUP BY programe.idAngajat;

SELECT programe.idAngajat, angajati.nume,angajati.prenume , COUNT(*) AS nrzboruri, (COUNT(*)*100/(SELECT COUNT(*) FROM zboruri)) AS procentaj FROM programe INNER JOIN angajati ON (angajati.idAngajat=programe.idAngajat) WHERE  programe.tip_activitate="ZBOR" AND angajati.tip_angajat="Steward"  GROUP BY programe.idAngajat,angajati.nume,angajati.prenume;

SELECT programe.idAngajat, angajati.tip_angajat , COUNT(*) as nrzboruri, (COUNT(*)*100/(SELECT COUNT(*) FROM zboruri)) AS procentaj FROM programe INNER JOIN angajati ON (angajati.idAngajat=programe.idAngajat) WHERE programe.tip_activitate="ZBOR" AND angajati.tip_angajat="Pilot"  GROUP BY programe.idAngajat,angajati.tip_angajat;

SELECT programe.idAngajat, angajati.tip_angajat , COUNT(*) AS nrzboruri, (COUNT(*)*100/(SELECT COUNT(*)FROM zboruri)) AS procentaj FROM programe INNER JOIN angajati ON (angajati.idAngajat=programe.idAngajat) WHERE programe.tip_activitate="ZBOR" AND angajati.tip_angajat="Pilot" GROUP BY programe.idAngajat,angajati.tip_angajat;

SELECT zboruri.idAvion,avioane.model,avioane.nume,COUNT(*) AS numarzboruri,(COUNT(*)/(SELECT COUNT(*) FROM zboruri))*100 AS procentaj FROM zboruri JOIN avioane ON(zboruri.idAvion = avioane.idAvion) GROUP BY zboruri.idAvion,avioane.model,avioane.nume ORDER BY COUNT(*) DESC;

SELECT zboruri.idRuta,rute.aeroport_plecare,rute.aeroport_sosire,COUNT(*),(COUNT(*)/(SELECT COUNT(*) FROM zboruri))*100 AS procentaj FROM zboruri JOIN rute ON(zboruri.idRuta = rute.idRuta) GROUP BY zboruri.idRuta,rute.aeroport_plecare,rute.aeroport_sosire ORDER BY COUNT(*) DESC;